order_id,order_status,order_date,customer_id,trailer_id,product_id,fuel_id
1,completed,2025-06-03,35,7,3,180
2,completed,2025-06-22,34,3,,510
3,in_progress,2025-06-19,83,,,334
4,completed,2025-06-13,148,,4,573
5,placed,2025-06-13,109,,8,624
6,in_progress,2025-06-19,135,,,303
7,in_progress,2025-06-06,55,,1,420
8,placed,2025-06-14,128,,,83
9,canceled,2025-06-06,145,7,,73
10,placed,2025-06-18,21,,4,325
11,paid,2025-06-02,110,,9,217
12,paid,2025-06-04,117,11,2,115
13,in_progress,2025-06-07,139,,10,84
14,completed,2025-06-11,99,20,6,294
15,canceled,2025-06-22,39,,10,654
16,completed,2025-06-28,28,,11,677
17,paid,2025-06-09,8,6,,123
18,placed,2025-06-02,79,,2,166
19,in_progress,2025-06-24,2,,14,675
20,placed,2025-06-02,61,12,14,531
21,paid,2025-06-17,61,,,511
22,in_progress,2025-06-13,109,8,10,599
23,completed,2025-06-14,33,,8,2
24,canceled,2025-06-01,97,,,208
25,placed,2025-06-28,39,,1,244
26,completed,2025-06-02,22,,,247
27,paid,2025-06-01,117,,1,210
28,paid,2025-06-03,27,,,326
29,paid,2025-06-23,108,,7,479
30,paid,2025-06-26,24,4,6,212
31,placed,2025-06-07,8,,8,577
32,placed,2025-06-12,144,,14,105
33,in_progress,2025-06-01,136,,13,262
34,in_progress,2025-06-23,51,,11,102
35,completed,2025-06-19,47,,14,402
36,placed,2025-06-17,121,12,3,215
37,paid,2025-06-29,66,,9,463
38,completed,2025-06-01,117,14,12,332
39,completed,2025-06-09,127,,,316
40,in_progress,2025-06-19,133,,14,374
41,in_progress,2025-06-24,41,19,,225
42,canceled,2025-06-21,70,,,68
43,completed,2025-06-11,72,5,,614
44,placed,2025-06-02,22,,10,20
45,paid,2025-06-21,40,,,280
46,paid,2025-06-29,83,,14,242
47,in_progress,2025-06-17,149,,,163
48,completed,2025-06-17,95,,14,593
49,in_progress,2025-06-29,88,,,424
50,completed,2025-06-23,91,,,669
51,paid,2025-06-02,42,,,200
52,placed,2025-06-11,25,3,,266
53,paid,2025-06-29,20,,9,335
54,placed,2025-06-29,69,19,4,480
55,placed,2025-06-22,83,,2,354
56,completed,2025-06-07,38,18,9,127
57,in_progress,2025-06-15,146,,9,444
58,placed,2025-06-27,149,8,7,346
59,in_progress,2025-06-26,41,,1,528
60,in_progress,2025-06-17,50,,6,285
61,in_progress,2025-06-25,114,,,226
62,paid,2025-06-12,105,,,265
63,paid,2025-06-13,107,7,,622
64,canceled,2025-06-01,15,,,289
65,paid,2025-06-15,146,9,,206
66,completed,2025-06-11,4,,2,5
67,paid,2025-06-20,101,,,26
68,placed,2025-06-13,129,,,305
69,paid,2025-06-24,35,,7,203
70,completed,2025-06-14,30,,12,542
71,paid,2025-06-20,121,1,7,262
72,placed,2025-06-29,72,,,171
73,placed,2025-06-01,10,,,14
74,completed,2025-06-09,139,,,526
75,completed,2025-06-23,19,13,14,218
76,paid,2025-06-24,80,,,507
77,in_progress,2025-06-18,130,13,11,619
78,placed,2025-06-21,135,,2,277
79,in_progress,2025-06-14,92,1,14,24
80,in_progress,2025-06-14,146,,,565
81,canceled,2025-06-09,143,,4,30
82,paid,2025-06-26,51,,14,353
83,paid,2025-06-10,139,,7,458
84,placed,2025-06-24,3,,,364
85,completed,2025-06-14,103,,1,299
86,completed,2025-06-16,72,7,,534
87,in_progress,2025-06-08,4,,5,114
88,paid,2025-06-12,81,,7,624
89,canceled,2025-06-27,140,,12,509
90,placed,2025-06-05,98,,,444
91,placed,2025-06-24,75,,,352
92,placed,2025-06-17,23,,1,351
93,in_progress,2025-06-08,47,,14,526
94,in_progress,2025-06-22,147,10,,348
95,paid,2025-06-28,124,,2,629
96,placed,2025-06-06,134,,7,149
97,placed,2025-06-26,52,,,100
98,completed,2025-06-14,122,,9,281
99,completed,2025-06-28,35,,6,147
100,paid,2025-06-08,96,,14,566
101,placed,2025-06-16,84,16,,534
102,completed,2025-06-10,143,4,14,576
103,canceled,2025-06-21,78,,,358
104,paid,2025-06-10,140,,10,480
105,completed,2025-06-05,92,,,20
106,in_progress,2025-06-21,22,,2,648
107,completed,2025-06-25,147,,,92
108,paid,2025-06-25,38,,,31
109,paid,2025-06-18,125,,14,674
110,placed,2025-06-07,102,,,444
111,in_progress,2025-06-25,95,,,667
112,placed,2025-06-04,117,,3,116
113,completed,2025-06-23,30,13,9,516
114,completed,2025-06-03,148,,10,178
115,paid,2025-06-08,115,10,,370
116,paid,2025-06-13,115,,,362
117,paid,2025-06-05,33,,7,412
118,canceled,2025-06-04,94,,14,259
119,in_progress,2025-06-20,107,,,178
120,paid,2025-06-14,93,,1,153
121,completed,2025-06-05,140,9,,601
122,paid,2025-06-18,119,,7,401
123,in_progress,2025-06-14,101,,,6
124,placed,2025-06-10,4,,7,483
125,canceled,2025-06-15,47,,,81
126,paid,2025-06-09,33,,6,68
127,paid,2025-06-09,87,,,558
128,in_progress,2025-06-24,20,6,14,41
129,completed,2025-06-26,89,,1,261
130,paid,2025-06-09,127,,4,44
131,placed,2025-06-05,119,,1,5
132,paid,2025-06-04,39,4,8,163
133,paid,2025-06-27,146,,,523
134,completed,2025-06-09,86,,,372
135,paid,2025-06-07,134,,7,98
136,paid,2025-06-08,117,,11,493
137,completed,2025-06-28,85,,3,306
138,placed,2025-06-24,110,6,,347
139,placed,2025-06-19,71,13,7,409
140,completed,2025-06-08,84,11,3,378
141,paid,2025-06-04,136,,8,61
142,in_progress,2025-06-07,19,17,12,521
143,completed,2025-06-16,138,2,2,337
144,paid,2025-06-08,148,14,2,201
145,in_progress,2025-06-10,132,,7,86
146,paid,2025-06-12,125,,12,154
147,paid,2025-06-13,113,,1,370
148,in_progress,2025-06-23,31,,,119
149,paid,2025-06-13,117,,8,258
150,in_progress,2025-06-29,146,,14,637
151,canceled,2025-06-16,29,19,7,331
152,placed,2025-06-12,151,2,3,414
153,canceled,2025-06-05,129,,12,593
154,in_progress,2025-06-27,112,,,7
155,in_progress,2025-06-15,4,14,7,523
156,paid,2025-06-27,7,,6,411
157,completed,2025-06-19,13,,11,544
158,completed,2025-06-01,21,2,12,545
159,canceled,2025-06-09,8,,2,344
160,canceled,2025-06-03,141,,8,144
161,completed,2025-06-23,3,,11,66
162,placed,2025-06-07,54,,7,539
163,canceled,2025-06-02,140,,4,458
164,placed,2025-06-27,38,,,388
165,placed,2025-06-23,82,,10,501
166,paid,2025-06-29,1,,13,417
167,canceled,2025-06-10,26,,,350
168,placed,2025-06-06,58,,,507
169,paid,2025-06-20,148,,2,640
170,paid,2025-06-06,9,,8,391
171,canceled,2025-06-17,4,,5,269
172,completed,2025-06-28,98,,11,597
173,placed,2025-06-27,27,6,,418
174,canceled,2025-06-26,35,,9,430
175,completed,2025-06-11,56,,9,153
176,in_progress,2025-06-07,132,,11,382
177,paid,2025-06-21,29,,,566
178,placed,2025-06-11,134,,,651
179,placed,2025-06-01,96,3,1,373
180,paid,2025-06-27,145,,,10
181,canceled,2025-06-25,139,,13,133
182,paid,2025-06-21,99,,2,257
183,in_progress,2025-06-02,148,,2,381
184,completed,2025-06-12,78,,13,91
185,in_progress,2025-06-06,148,,,410
186,placed,2025-06-06,79,,,128
187,placed,2025-06-26,39,18,7,26
188,in_progress,2025-06-08,50,,10,449
189,placed,2025-06-04,55,,2,242
190,placed,2025-06-27,127,13,6,655
191,paid,2025-06-17,30,,8,146
192,placed,2025-06-21,73,19,,654
193,paid,2025-06-08,67,,5,562
194,in_progress,2025-06-28,68,,6,175
195,paid,2025-06-19,88,,6,619
196,completed,2025-06-11,70,,12,6
197,in_progress,2025-06-17,61,5,5,14
198,in_progress,2025-06-26,39,2,,122
199,placed,2025-06-21,86,5,5,379
200,paid,2025-06-27,106,,5,285
201,paid,2025-06-27,100,,,189
202,paid,2025-06-21,58,,10,576
203,completed,2025-06-09,95,,,590
204,in_progress,2025-06-06,109,,12,529
205,completed,2025-06-01,109,,9,289
206,canceled,2025-06-19,97,5,11,418
207,placed,2025-06-13,100,,3,659
208,canceled,2025-06-08,86,14,14,621
209,canceled,2025-06-28,90,,6,492
210,completed,2025-06-29,122,19,13,85
211,placed,2025-06-20,147,,6,169
212,placed,2025-06-27,74,,3,364
213,in_progress,2025-06-21,20,,11,552
214,placed,2025-06-16,95,,,625
215,completed,2025-06-22,145,,,569
216,canceled,2025-06-20,139,,,119
217,placed,2025-06-18,20,1,7,17
218,paid,2025-06-28,18,,2,416
219,completed,2025-06-28,96,3,13,612
220,paid,2025-06-12,91,,1,20
221,placed,2025-06-21,82,,,422
222,in_progress,2025-06-02,131,6,,40
223,paid,2025-06-22,130,1,13,42
224,canceled,2025-06-22,146,,,233
225,placed,2025-06-25,99,,8,623
226,paid,2025-06-08,117,,,543
227,placed,2025-06-20,33,17,12,413
228,canceled,2025-06-01,113,,11,564
229,canceled,2025-06-27,113,,5,3
230,paid,2025-06-27,55,,11,200
231,completed,2025-06-14,110,3,7,629
232,placed,2025-06-10,142,,,540
233,paid,2025-06-13,121,4,,289
234,completed,2025-06-23,39,,11,558
235,placed,2025-06-21,83,,12,488
236,canceled,2025-06-21,122,4,2,401
237,canceled,2025-06-03,77,,,450
238,completed,2025-06-11,132,,8,535
239,paid,2025-06-25,1,11,3,479
240,placed,2025-06-10,7,,,148
241,in_progress,2025-06-15,148,4,9,194
242,paid,2025-06-03,118,,14,54
243,canceled,2025-06-10,3,11,,77
244,completed,2025-06-27,11,18,,108
245,placed,2025-06-14,79,,,649
246,completed,2025-06-12,54,,12,295
247,completed,2025-06-08,77,,11,581
248,in_progress,2025-06-12,127,,4,209
249,paid,2025-06-29,136,,,338
250,completed,2025-06-25,100,14,6,322
251,canceled,2025-06-23,112,,6,185
252,completed,2025-06-03,10,,,573
253,paid,2025-06-03,90,,12,531
254,completed,2025-06-14,10,,,657
255,in_progress,2025-06-18,148,,,285
256,in_progress,2025-06-27,150,,,5
257,in_progress,2025-06-05,112,16,12,387
258,in_progress,2025-06-14,62,,11,351
259,completed,2025-06-20,50,,13,172
260,in_progress,2025-06-13,126,9,9,416
261,completed,2025-06-17,23,3,,99
262,paid,2025-06-16,83,,5,123
263,paid,2025-06-26,19,,14,175
264,placed,2025-06-10,109,6,3,142
265,in_progress,2025-06-07,31,,,168
266,paid,2025-06-13,63,11,,378
267,placed,2025-06-23,10,,,293
268,canceled,2025-06-15,21,,,433
269,completed,2025-06-19,40,,,40
270,in_progress,2025-06-29,63,,,670
271,paid,2025-06-02,139,,14,549
272,paid,2025-06-22,85,,,450
273,completed,2025-06-01,46,,11,659
274,paid,2025-06-07,41,,,493
275,placed,2025-06-23,65,,,568
276,paid,2025-06-19,18,13,1,433
277,canceled,2025-06-26,146,,,246
278,paid,2025-06-09,10,,,307
279,placed,2025-06-14,122,,11,637
280,canceled,2025-06-04,5,,14,209
281,completed,2025-06-25,93,,14,60
282,in_progress,2025-06-05,6,5,12,9
283,in_progress,2025-06-02,100,5,14,170
284,in_progress,2025-06-04,77,,5,84
285,placed,2025-06-28,117,,8,638
286,placed,2025-06-19,125,,3,144
287,canceled,2025-06-05,81,,4,356
288,completed,2025-06-16,89,,2,456
289,in_progress,2025-06-12,148,,11,201
290,in_progress,2025-06-22,70,,6,365
291,in_progress,2025-06-20,40,,,665
292,in_progress,2025-06-03,22,,8,628
293,completed,2025-06-13,142,,6,171
294,canceled,2025-06-11,114,,8,81
295,placed,2025-06-25,66,,,82
296,placed,2025-06-05,138,,,185
297,completed,2025-06-04,4,,13,421
298,paid,2025-06-27,27,,12,137
299,paid,2025-06-08,102,,,337
300,placed,2025-06-12,55,,4,575
301,paid,2025-06-06,34,,5,657
302,canceled,2025-06-28,57,,,222
303,paid,2025-06-29,144,,10,513
304,completed,2025-06-06,90,,14,2
305,canceled,2025-06-19,37,3,,83
306,in_progress,2025-06-02,79,,,474
307,placed,2025-06-03,134,,,320
308,canceled,2025-06-21,72,,9,595
309,paid,2025-06-03,66,,3,675
310,in_progress,2025-06-01,35,,13,404
311,in_progress,2025-06-14,96,,,9
312,completed,2025-06-06,21,,,311
313,placed,2025-06-17,130,18,7,662
314,paid,2025-06-12,59,,7,367
315,placed,2025-06-24,64,,8,80
316,paid,2025-06-08,141,,,141
317,placed,2025-06-09,57,1,9,151
318,placed,2025-06-05,87,,5,247
319,paid,2025-06-05,89,,,46
320,paid,2025-06-05,13,,14,180
321,placed,2025-06-20,139,,,407
322,placed,2025-06-03,29,,7,658
323,in_progress,2025-06-23,34,13,,233
324,paid,2025-06-16,111,,,579
325,in_progress,2025-06-24,112,,,522
326,canceled,2025-06-08,113,,,562
327,completed,2025-06-04,14,,4,253
328,placed,2025-06-16,79,,,94
329,completed,2025-06-24,40,,,459
330,in_progress,2025-06-12,38,,,628
331,canceled,2025-06-29,26,6,,493
332,completed,2025-06-19,91,,11,329
333,completed,2025-06-26,123,,10,417
334,paid,2025-06-25,129,,6,209
335,paid,2025-06-22,76,,11,464
336,placed,2025-06-27,69,4,,552
337,completed,2025-06-10,82,4,,130
338,completed,2025-06-05,94,,,266
339,completed,2025-06-18,37,,,545
340,paid,2025-06-14,82,,10,398
341,paid,2025-06-27,135,,11,360
342,completed,2025-06-02,120,,13,266
343,in_progress,2025-06-27,12,,14,57
344,placed,2025-06-02,48,,,26
345,placed,2025-06-11,66,,,599
346,canceled,2025-06-28,103,,3,452
347,paid,2025-06-21,80,1,,496
348,paid,2025-06-02,18,19,6,361
349,paid,2025-06-03,113,,14,261
350,placed,2025-06-22,48,,3,595
351,canceled,2025-06-25,104,6,,147
352,paid,2025-06-03,138,,9,657
353,placed,2025-06-16,51,,2,613
354,canceled,2025-06-22,138,9,,593
355,completed,2025-06-10,52,,,666
356,in_progress,2025-06-09,64,,,525
357,in_progress,2025-06-16,91,,,295
358,completed,2025-06-02,151,,,297
359,placed,2025-06-05,86,9,9,342
360,completed,2025-06-10,76,,12,496
361,placed,2025-06-25,45,16,6,380
362,paid,2025-06-26,72,17,2,470
363,paid,2025-06-05,43,,2,372
364,completed,2025-06-05,85,8,2,343
365,completed,2025-06-29,99,1,,172
366,paid,2025-06-02,75,,9,110
367,placed,2025-06-26,32,,,619
368,placed,2025-06-04,122,,,424
369,completed,2025-06-07,65,11,5,116
370,canceled,2025-06-07,15,,5,598
371,paid,2025-06-17,45,5,12,388
372,in_progress,2025-06-18,89,,3,577
373,placed,2025-06-20,36,,,419
374,paid,2025-06-03,73,,7,331
375,canceled,2025-06-17,116,,2,197
376,paid,2025-06-16,107,,7,355
377,paid,2025-06-15,64,,13,297
378,placed,2025-06-20,141,10,,461
379,completed,2025-06-25,126,9,2,63
380,completed,2025-06-18,52,5,9,408
381,in_progress,2025-06-18,51,,,401
382,placed,2025-06-07,146,,11,400
383,paid,2025-06-29,82,,,316
384,in_progress,2025-06-10,100,,6,310
385,placed,2025-06-22,108,,11,38
386,canceled,2025-06-27,40,,6,50
387,in_progress,2025-06-24,94,,,193
388,placed,2025-06-07,99,,,59
389,canceled,2025-06-15,98,,,250
390,paid,2025-06-19,15,,,617
391,completed,2025-06-17,48,,13,388
392,paid,2025-06-25,131,8,,253
393,canceled,2025-06-09,6,16,8,42
394,placed,2025-06-07,81,,8,656
395,paid,2025-06-13,48,,14,522
396,paid,2025-06-28,90,,13,506
397,canceled,2025-06-25,40,,,676
398,in_progress,2025-06-27,110,,,383
399,in_progress,2025-06-08,79,,,86
400,completed,2025-06-11,60,6,12,410
401,in_progress,2025-06-13,2,,,450
402,canceled,2025-06-12,102,,,549
403,placed,2025-06-14,56,,4,524
404,in_progress,2025-06-22,122,,,475
405,paid,2025-06-07,112,,8,119
406,in_progress,2025-06-15,139,,,613
407,paid,2025-06-08,24,,,128
408,canceled,2025-06-10,52,,4,46
409,paid,2025-06-22,69,,10,288
410,placed,2025-06-09,124,16,13,217
411,placed,2025-06-19,61,20,,97
412,paid,2025-06-20,26,,2,39
413,completed,2025-06-11,5,,10,206
414,completed,2025-06-26,44,,11,186
415,paid,2025-06-06,134,,,680
416,paid,2025-06-03,71,,1,55
417,in_progress,2025-06-23,115,,1,67
418,canceled,2025-06-03,10,,4,319
419,completed,2025-06-05,83,13,14,243
420,paid,2025-06-26,24,17,12,546
421,paid,2025-06-29,60,,,292
422,paid,2025-06-12,131,,,182
423,placed,2025-06-20,103,,3,509
424,in_progress,2025-06-19,93,3,,479
425,paid,2025-06-02,117,,5,249
426,canceled,2025-06-04,143,,6,32
427,paid,2025-06-22,35,,5,12
428,in_progress,2025-06-26,16,9,4,54
429,placed,2025-06-03,90,,,589
430,completed,2025-06-04,28,,3,681
431,in_progress,2025-06-27,134,4,1,602
432,completed,2025-06-16,27,,,416
433,placed,2025-06-14,64,,4,237
434,in_progress,2025-06-02,149,,1,553
435,in_progress,2025-06-04,98,18,14,134
436,in_progress,2025-06-19,32,,,509
437,paid,2025-06-23,89,20,,127
438,in_progress,2025-06-15,115,,4,261
439,completed,2025-06-27,76,,,27
440,in_progress,2025-06-20,82,,,253
441,paid,2025-06-20,115,9,12,469
442,placed,2025-06-27,11,,6,668
443,placed,2025-06-17,117,,5,197
444,canceled,2025-06-04,51,,7,450
445,completed,2025-06-18,121,3,,283
446,paid,2025-06-03,65,,,119
447,in_progress,2025-06-29,133,,12,124
448,completed,2025-06-15,111,,,103
449,placed,2025-06-15,109,2,5,655
450,paid,2025-06-22,117,,11,135
451,in_progress,2025-06-06,114,,10,159
452,completed,2025-06-19,95,,11,127
453,paid,2025-06-07,72,4,13,351
454,completed,2025-06-25,73,,12,388
455,completed,2025-06-16,20,,3,542
456,paid,2025-06-01,107,,9,75
457,in_progress,2025-06-26,26,4,8,78
458,completed,2025-06-20,44,15,13,650
459,canceled,2025-06-26,68,18,,514
460,in_progress,2025-06-09,26,,6,423
461,paid,2025-06-05,133,,8,640
462,paid,2025-06-22,90,,14,197
463,paid,2025-06-09,56,,10,288
464,in_progress,2025-06-05,131,3,7,85
465,canceled,2025-06-17,24,17,,171
466,completed,2025-06-09,17,,,585
467,paid,2025-06-05,139,,4,633
468,completed,2025-06-18,2,,6,188
469,in_progress,2025-06-27,68,,1,484
470,completed,2025-06-01,139,1,,24
471,completed,2025-06-20,125,,,111
472,paid,2025-06-29,124,,14,582
473,paid,2025-06-18,8,,4,392
474,completed,2025-06-04,61,,3,627
475,paid,2025-06-17,85,17,,336
476,paid,2025-06-24,93,,1,261
477,placed,2025-06-21,26,,14,7
478,in_progress,2025-06-24,148,,13,527
479,placed,2025-06-28,112,,5,328
480,paid,2025-06-13,20,,3,559
481,completed,2025-06-16,4,,5,5
482,paid,2025-06-28,129,,2,159
483,placed,2025-06-18,56,,4,99
484,canceled,2025-06-06,101,,,550
485,completed,2025-06-16,130,,3,131
486,in_progress,2025-06-18,81,12,10,680
487,in_progress,2025-06-26,50,,5,54
488,canceled,2025-06-07,84,,7,440
489,paid,2025-06-29,109,7,6,247
490,canceled,2025-06-23,50,,9,70
491,in_progress,2025-06-19,126,16,,437
492,canceled,2025-06-22,86,8,,645
493,in_progress,2025-06-23,22,,8,574
494,canceled,2025-06-25,65,17,,411
495,paid,2025-06-18,122,,10,285
496,completed,2025-06-23,112,,,514
497,completed,2025-06-15,105,4,2,330
498,completed,2025-06-20,92,,,555
499,in_progress,2025-06-21,104,,,138
500,completed,2025-06-29,79,,7,47
501,placed,2025-06-13,19,15,,50
502,canceled,2025-06-05,134,,,364
503,in_progress,2025-06-04,84,,9,364
504,paid,2025-06-20,150,,,214
505,in_progress,2025-06-06,18,,11,647
506,placed,2025-06-13,103,12,,504
507,paid,2025-06-04,42,4,6,322
508,in_progress,2025-06-04,147,,1,453
509,placed,2025-06-22,149,5,,435
510,paid,2025-06-24,86,,12,576
511,in_progress,2025-06-03,10,6,7,406
512,canceled,2025-06-02,94,,6,288
513,in_progress,2025-06-18,93,,,297
514,paid,2025-06-06,30,,,577
515,paid,2025-06-27,117,,,528
516,paid,2025-06-04,141,,7,506
517,placed,2025-06-13,31,,,305
518,in_progress,2025-06-18,52,,9,484
519,in_progress,2025-06-01,135,,3,496
520,placed,2025-06-03,133,12,2,25
521,placed,2025-06-29,34,,,656
522,placed,2025-06-26,14,,,79
523,placed,2025-06-09,28,,2,521
524,completed,2025-06-07,106,10,10,665
525,paid,2025-06-19,146,,6,138
526,paid,2025-06-26,90,,14,323
527,placed,2025-06-24,75,,10,468
528,paid,2025-06-01,58,15,,167
529,in_progress,2025-06-20,143,2,3,347
530,placed,2025-06-28,79,,5,624
531,in_progress,2025-06-23,109,,,590
532,in_progress,2025-06-20,149,,,45
533,paid,2025-06-20,143,20,,484
534,paid,2025-06-11,92,15,5,391
535,paid,2025-06-16,120,,7,603
536,paid,2025-06-12,47,,12,447
537,paid,2025-06-05,64,,,177
538,in_progress,2025-06-12,113,9,2,659
539,completed,2025-06-29,136,,13,100
540,paid,2025-06-28,151,,6,313
541,in_progress,2025-06-13,121,,,569
542,completed,2025-06-21,125,18,,429
543,completed,2025-06-13,78,,6,240
544,placed,2025-06-10,8,1,11,171
545,in_progress,2025-06-01,40,18,13,220
546,paid,2025-06-10,112,,14,307
547,paid,2025-06-04,60,,9,310
548,paid,2025-06-10,20,,3,530
549,in_progress,2025-06-08,150,,6,654
550,canceled,2025-06-09,133,,3,44
551,in_progress,2025-06-04,11,4,4,643
552,completed,2025-06-01,88,,2,585
553,paid,2025-06-21,45,,11,101
554,canceled,2025-06-20,59,19,5,217
555,canceled,2025-06-17,126,,11,427
556,canceled,2025-06-19,121,13,,253
557,paid,2025-06-24,23,,11,106
558,placed,2025-06-07,44,,,451
559,paid,2025-06-20,19,,1,248
560,paid,2025-06-24,151,,12,253
561,paid,2025-06-27,45,,,529
562,paid,2025-06-05,35,,,276
563,in_progress,2025-06-09,35,6,7,514
564,paid,2025-06-10,34,,10,486
565,paid,2025-06-05,92,1,1,325
566,paid,2025-06-14,108,,8,106
567,in_progress,2025-06-09,114,,,111
568,in_progress,2025-06-16,95,,,649
569,paid,2025-06-05,68,,14,151
570,canceled,2025-06-13,66,,,169
571,paid,2025-06-18,41,16,,400
572,completed,2025-06-14,17,13,9,655
573,completed,2025-06-20,48,,10,352
574,completed,2025-06-12,25,,9,663
575,canceled,2025-06-09,112,,13,197
576,in_progress,2025-06-06,82,,1,40
577,placed,2025-06-24,72,9,,347
578,in_progress,2025-06-11,58,,13,304
579,paid,2025-06-07,14,,9,255
580,in_progress,2025-06-20,130,,,667
581,in_progress,2025-06-04,145,,,137
582,in_progress,2025-06-23,36,14,8,256
583,placed,2025-06-27,119,,14,446
584,paid,2025-06-22,134,,13,134
585,paid,2025-06-02,127,,,192
586,in_progress,2025-06-01,94,,3,568
587,paid,2025-06-20,14,,,528
588,paid,2025-06-01,23,,5,546
589,in_progress,2025-06-17,18,,,428
590,placed,2025-06-13,13,,10,609
591,in_progress,2025-06-24,108,,3,406
592,in_progress,2025-06-04,37,,9,351
593,completed,2025-06-27,5,,11,258
594,completed,2025-06-17,103,,5,664
595,completed,2025-06-07,104,,10,404
596,paid,2025-06-03,12,15,4,431
597,in_progress,2025-06-06,45,16,,338
598,placed,2025-06-05,77,,3,170
599,in_progress,2025-06-16,87,,5,567
600,in_progress,2025-06-18,91,17,2,118
601,canceled,2025-06-20,86,,13,65
602,paid,2025-06-29,14,,,42
603,completed,2025-06-20,108,7,14,147
604,paid,2025-06-28,20,4,4,267
605,canceled,2025-06-15,99,,,599
606,placed,2025-06-06,54,,14,247
607,completed,2025-06-05,54,,13,639
608,paid,2025-06-10,44,9,9,646
609,placed,2025-06-04,54,,5,289
610,in_progress,2025-06-09,95,,,100
611,in_progress,2025-06-09,54,,,112
612,paid,2025-06-09,18,,9,569
613,placed,2025-06-17,27,13,,335
614,placed,2025-06-02,53,,,210
615,canceled,2025-06-17,26,,8,348
616,placed,2025-06-15,132,10,,637
617,placed,2025-06-15,124,7,11,263
618,completed,2025-06-16,53,,7,304
619,paid,2025-06-28,119,,,234
620,in_progress,2025-06-07,27,,6,397
621,in_progress,2025-06-05,13,,,125
622,placed,2025-06-09,147,,5,596
623,in_progress,2025-06-23,18,12,,421
624,canceled,2025-06-15,62,,12,599
625,in_progress,2025-06-06,142,,14,232
626,completed,2025-06-18,98,19,,479
627,placed,2025-06-08,79,9,10,297
628,canceled,2025-06-02,120,,,327
629,paid,2025-06-25,144,,1,195
630,placed,2025-06-04,25,,7,334
631,in_progress,2025-06-10,45,,12,70
632,placed,2025-06-11,94,,10,512
633,canceled,2025-06-20,133,7,1,632
634,completed,2025-06-21,75,,4,127
635,completed,2025-06-08,125,11,,78
636,placed,2025-06-20,131,,9,323
637,paid,2025-06-04,19,,3,314
638,completed,2025-06-05,16,,,257
639,in_progress,2025-06-26,98,,4,596
640,completed,2025-06-21,149,,11,158
641,placed,2025-06-19,106,,,230
642,paid,2025-06-25,37,17,,519
643,canceled,2025-06-18,39,,12,488
644,in_progress,2025-06-25,120,3,2,319
645,paid,2025-06-28,26,,13,229
646,completed,2025-06-04,101,,,640
647,completed,2025-06-04,93,,1,85
648,in_progress,2025-06-07,1,3,,70
649,placed,2025-06-23,110,,4,127
650,canceled,2025-06-17,28,5,,330
651,in_progress,2025-06-22,146,,8,290
652,placed,2025-06-22,100,,12,326
653,completed,2025-06-21,55,,11,627
654,canceled,2025-06-15,40,,9,181
655,paid,2025-06-17,3,,2,156
656,completed,2025-06-10,2,,1,556
657,paid,2025-06-05,23,,4,234
658,completed,2025-06-05,88,1,3,442
659,in_progress,2025-06-28,12,,,495
660,placed,2025-06-03,2,,,432
661,in_progress,2025-06-02,133,,,261
662,canceled,2025-06-09,32,,5,577
663,placed,2025-06-22,113,13,2,253
664,paid,2025-06-12,123,,5,150
665,in_progress,2025-06-22,76,2,8,374
666,canceled,2025-06-14,4,,11,212
667,completed,2025-06-15,37,,1,279
668,paid,2025-06-12,105,,,100
669,completed,2025-06-28,116,,5,372
670,paid,2025-06-19,141,8,3,10
671,paid,2025-06-26,142,2,13,502
672,placed,2025-06-09,63,6,4,437
673,completed,2025-06-25,32,,12,307
674,paid,2025-06-21,101,,11,102
675,canceled,2025-06-29,24,,6,667
676,in_progress,2025-06-19,85,,8,41
677,canceled,2025-06-12,100,,,243
678,in_progress,2025-06-08,31,,2,637
679,paid,2025-06-25,72,,6,350
680,paid,2025-06-08,26,,6,59
681,placed,2025-06-01,121,,1,563
682,placed,2025-06-08,45,,5,90
683,in_progress,2025-06-02,145,,6,300
684,in_progress,2025-06-26,41,,8,64
685,placed,2025-06-19,10,,13,510
686,in_progress,2025-06-17,77,,4,527
687,placed,2025-06-14,67,,7,377
688,placed,2025-06-21,44,,9,32
689,in_progress,2025-06-07,49,,5,323
690,completed,2025-06-25,112,4,,653
691,canceled,2025-06-04,147,,6,399
692,completed,2025-06-04,50,16,,385
693,paid,2025-06-23,132,,,158
694,in_progress,2025-06-23,48,17,,26
695,paid,2025-06-19,50,16,9,415
696,placed,2025-06-03,88,7,,116
697,in_progress,2025-06-28,96,,1,251
698,placed,2025-06-11,100,,,292
699,placed,2025-06-09,25,8,,218
700,in_progress,2025-06-23,115,5,13,41
701,completed,2025-06-12,83,,1,592
702,in_progress,2025-06-04,129,,2,147
703,completed,2025-06-27,150,,,602
704,in_progress,2025-06-24,92,11,13,416
705,completed,2025-06-07,73,15,7,494
706,paid,2025-06-23,7,17,,497
707,completed,2025-06-13,35,9,,382
708,paid,2025-06-25,143,,8,209
709,placed,2025-06-11,139,1,9,113
710,paid,2025-06-27,32,10,11,606
711,placed,2025-06-16,68,,12,232
712,in_progress,2025-06-27,144,,3,312
713,paid,2025-06-11,23,7,1,632
714,placed,2025-06-06,145,,9,546
715,in_progress,2025-06-23,57,,,640
716,placed,2025-06-16,53,11,14,501
717,paid,2025-06-05,30,,14,278
718,paid,2025-06-12,126,,,171
719,placed,2025-06-15,35,19,9,49
720,paid,2025-06-13,72,,,512
721,paid,2025-06-10,35,,,524
722,in_progress,2025-06-13,5,16,,210
723,placed,2025-06-22,111,20,,229
724,completed,2025-06-26,100,,13,285
725,paid,2025-06-11,105,,9,228
726,completed,2025-06-24,128,,,370
727,canceled,2025-06-18,21,,14,569
728,completed,2025-06-10,99,,5,544
729,canceled,2025-06-20,116,,3,418
730,in_progress,2025-06-18,30,,5,570
731,completed,2025-06-25,59,,7,343
732,in_progress,2025-06-13,52,,12,96
733,in_progress,2025-06-24,80,,10,156
734,placed,2025-06-17,96,4,8,131
735,paid,2025-06-17,84,18,,363
736,paid,2025-06-26,99,,14,281
737,paid,2025-06-21,130,,3,646
738,paid,2025-06-25,44,,,614
739,completed,2025-06-16,28,,11,101
740,paid,2025-06-19,131,10,,17
741,completed,2025-06-11,107,,,397
742,in_progress,2025-06-20,94,,8,654
743,completed,2025-06-17,73,,,87
744,completed,2025-06-07,9,,2,330
745,paid,2025-06-09,52,15,7,464
746,placed,2025-06-17,113,,4,390
747,placed,2025-06-25,77,,,184
748,in_progress,2025-06-09,73,11,13,483
749,paid,2025-06-23,90,,8,351
750,completed,2025-06-26,81,,4,659
751,paid,2025-06-29,45,,,491
752,placed,2025-06-16,96,,,324
753,in_progress,2025-06-08,85,,14,381
754,in_progress,2025-06-05,143,,12,657
755,placed,2025-06-22,46,,2,171
756,paid,2025-06-25,8,,1,511
757,canceled,2025-06-15,78,,2,360
758,paid,2025-06-10,93,,1,187
759,paid,2025-06-02,68,12,,95
760,paid,2025-06-06,8,,4,70
761,completed,2025-06-24,1,17,9,658
762,placed,2025-06-02,15,,8,224
763,paid,2025-06-02,108,,3,94
764,paid,2025-06-13,37,,5,26
765,canceled,2025-06-05,58,,,211
766,in_progress,2025-06-13,90,,,66
767,paid,2025-06-29,133,,,661
768,paid,2025-06-14,40,,3,304
769,completed,2025-06-03,45,,4,569
770,placed,2025-06-25,61,,,26
771,placed,2025-06-24,119,8,,600
772,paid,2025-06-29,106,,4,164
773,placed,2025-06-29,43,16,,34
774,completed,2025-06-12,75,,14,421
775,paid,2025-06-15,57,,,110
776,in_progress,2025-06-23,127,1,8,17
777,placed,2025-06-02,107,,,50
778,canceled,2025-06-13,45,,4,204
779,paid,2025-06-29,33,,,384
780,paid,2025-06-15,87,18,,8
781,completed,2025-06-02,150,18,,52
782,paid,2025-06-23,31,16,6,640
783,completed,2025-06-12,120,4,5,302
784,paid,2025-06-09,41,,2,329
785,in_progress,2025-06-06,10,,,435
786,canceled,2025-06-12,5,,4,398
787,placed,2025-06-01,147,,,555
788,paid,2025-06-16,27,,1,655
789,paid,2025-06-07,27,16,2,527
790,in_progress,2025-06-15,121,,7,448
791,in_progress,2025-06-01,2,,,356
792,paid,2025-06-02,37,,10,396
793,in_progress,2025-06-21,95,,,409
794,in_progress,2025-06-28,105,,9,579
795,paid,2025-06-29,40,1,,655
796,placed,2025-06-03,45,,3,486
797,paid,2025-06-08,123,,2,55
798,placed,2025-06-02,106,19,12,346
799,canceled,2025-06-07,59,5,5,644
800,paid,2025-06-18,14,,,460
801,placed,2025-06-09,75,,10,120
802,paid,2025-06-11,86,3,12,176
803,placed,2025-06-17,121,,1,75
804,completed,2025-06-03,18,,,291
805,paid,2025-06-25,6,19,,581
806,in_progress,2025-06-24,97,,7,199
807,completed,2025-06-03,100,,1,453
808,in_progress,2025-06-03,40,,10,182
809,completed,2025-06-12,6,12,2,119
810,placed,2025-06-27,10,5,7,329
811,completed,2025-06-22,47,,8,509
812,paid,2025-06-07,7,,,56
813,completed,2025-06-23,119,,,42
814,completed,2025-06-06,131,,8,255
815,in_progress,2025-06-15,27,,14,96
816,canceled,2025-06-04,69,,10,610
817,paid,2025-06-19,56,,10,299
818,completed,2025-06-28,21,,,591
819,completed,2025-06-17,22,,5,400
820,paid,2025-06-15,54,,6,458
821,in_progress,2025-06-26,132,18,,52
822,paid,2025-06-09,45,,3,44
823,paid,2025-06-12,17,,,427
824,in_progress,2025-06-28,71,20,11,258
825,completed,2025-06-14,4,,,548
826,completed,2025-06-18,141,,8,547
827,completed,2025-06-27,3,,4,643
828,completed,2025-06-15,21,,12,415
829,in_progress,2025-06-22,44,,1,383
830,placed,2025-06-04,9,,,640
831,in_progress,2025-06-19,57,,,340
832,placed,2025-06-15,143,12,9,250
833,in_progress,2025-06-27,103,,,56
834,paid,2025-06-18,113,4,4,524
835,completed,2025-06-15,10,12,,443
836,paid,2025-06-13,105,,8,44
837,paid,2025-06-20,106,,5,287
838,paid,2025-06-03,52,,,26
839,canceled,2025-06-27,100,,10,333
840,placed,2025-06-06,141,,,361
841,canceled,2025-06-12,45,,,122
842,in_progress,2025-06-16,99,,11,630
843,paid,2025-06-25,11,,2,506
844,canceled,2025-06-27,149,,6,312
845,in_progress,2025-06-07,10,,9,143
846,placed,2025-06-02,78,,,143
847,paid,2025-06-19,146,,2,484
848,in_progress,2025-06-23,54,12,1,503
849,paid,2025-06-07,27,,,270
850,paid,2025-06-13,99,,,146
851,in_progress,2025-06-23,151,,5,184
852,paid,2025-06-25,46,,10,628
853,placed,2025-06-19,77,,14,451
854,paid,2025-06-27,118,,11,91
855,completed,2025-06-22,23,,5,634
856,paid,2025-06-05,122,2,11,654
857,paid,2025-06-17,29,,1,60
858,placed,2025-06-29,56,4,,318
859,completed,2025-06-24,56,,,143
860,canceled,2025-06-03,70,,,284
861,completed,2025-06-11,80,,11,544
862,completed,2025-06-26,148,,3,206
863,placed,2025-06-29,40,1,4,668
864,canceled,2025-06-10,91,18,1,326
865,placed,2025-06-09,113,,3,470
866,paid,2025-06-27,1,,11,246
867,placed,2025-06-22,124,16,13,233
868,placed,2025-06-07,19,10,,210
869,completed,2025-06-19,69,,,278
870,canceled,2025-06-14,101,13,4,39
871,completed,2025-06-19,86,,6,499
872,placed,2025-06-07,97,,,656
873,in_progress,2025-06-11,97,,7,179
874,completed,2025-06-11,135,,2,418
875,in_progress,2025-06-26,114,4,,118
876,in_progress,2025-06-22,42,,11,530
877,paid,2025-06-18,64,,10,314
878,paid,2025-06-29,20,,,205
879,in_progress,2025-06-14,123,,2,143
880,placed,2025-06-27,13,,11,475
881,placed,2025-06-29,8,5,10,86
882,paid,2025-06-06,131,,11,513
883,paid,2025-06-21,144,,14,22
884,paid,2025-06-18,85,5,,423
885,completed,2025-06-17,142,,1,314
886,completed,2025-06-28,69,,4,226
887,in_progress,2025-06-17,149,,,524
888,placed,2025-06-29,108,,6,235
889,completed,2025-06-06,71,,1,184
890,paid,2025-06-12,56,,,252
891,paid,2025-06-17,32,,8,83
892,in_progress,2025-06-18,77,,9,458
893,paid,2025-06-27,127,,,283
894,paid,2025-06-03,6,,,271
895,paid,2025-06-29,50,12,,84
896,canceled,2025-06-29,98,,14,156
897,completed,2025-06-23,62,,1,205
898,paid,2025-06-07,119,8,5,526
899,paid,2025-06-06,79,12,6,606
900,placed,2025-06-26,110,,5,671
901,paid,2025-06-04,19,7,,24
902,canceled,2025-06-05,43,,13,352
903,completed,2025-06-01,20,,2,276
904,completed,2025-06-18,126,,5,201
905,paid,2025-06-27,126,,9,548
906,paid,2025-06-15,87,,14,7
907,in_progress,2025-06-07,94,3,6,283
908,placed,2025-06-25,77,20,6,14
909,paid,2025-06-19,127,,,664
910,paid,2025-06-27,111,,,298
911,canceled,2025-06-20,104,,,190
912,paid,2025-06-29,123,16,11,50
913,completed,2025-06-22,45,5,14,270
914,paid,2025-06-13,67,15,13,51
915,canceled,2025-06-06,50,8,3,237
916,paid,2025-06-14,40,15,6,244
917,placed,2025-06-08,61,10,,665
918,paid,2025-06-10,125,,2,214
919,canceled,2025-06-08,114,6,,137
920,paid,2025-06-25,51,,,123
921,completed,2025-06-27,44,4,4,395
922,paid,2025-06-03,124,,,336
923,in_progress,2025-06-26,36,,,330
924,paid,2025-06-03,148,,,483
925,completed,2025-06-18,107,11,,532
926,in_progress,2025-06-13,76,,7,116
927,placed,2025-06-19,79,,8,662
928,completed,2025-06-05,113,,1,3
929,completed,2025-06-25,83,,,194
930,placed,2025-06-16,87,,7,569
931,completed,2025-06-15,122,,2,90
932,canceled,2025-06-25,107,,,14
933,canceled,2025-06-28,44,,11,132
934,canceled,2025-06-01,66,17,5,76
935,canceled,2025-06-14,69,,,71
936,in_progress,2025-06-27,19,,9,235
937,placed,2025-06-03,74,,5,449
938,in_progress,2025-06-09,84,,9,492
939,paid,2025-06-09,5,11,5,332
940,in_progress,2025-06-23,71,,10,644
941,in_progress,2025-06-03,41,,,21
942,paid,2025-06-04,51,,,608
943,placed,2025-06-12,48,,13,607
944,paid,2025-06-11,148,,8,1
945,completed,2025-06-25,53,,2,76
946,in_progress,2025-06-29,83,,12,18
947,placed,2025-06-11,119,,,86
948,placed,2025-06-08,48,,5,340
949,completed,2025-06-12,95,,7,15
950,completed,2025-06-03,16,15,5,497
951,in_progress,2025-06-11,101,19,,337
952,in_progress,2025-06-20,101,,1,569
953,completed,2025-06-10,6,,1,432
954,placed,2025-06-16,61,,,567
955,paid,2025-06-05,29,5,12,456
956,in_progress,2025-06-16,36,,8,553
957,paid,2025-06-23,10,,,41
958,canceled,2025-06-21,141,10,7,516
959,in_progress,2025-06-11,70,,13,162
960,paid,2025-06-16,132,9,13,636
961,canceled,2025-06-20,98,,11,223
962,placed,2025-06-22,22,,8,267
963,placed,2025-06-21,31,,14,323
964,paid,2025-06-01,30,,,157
965,placed,2025-06-24,105,,4,60
966,placed,2025-06-22,5,7,,12
967,in_progress,2025-06-17,150,,10,495
968,paid,2025-06-01,110,,7,77
969,placed,2025-06-04,101,,10,667
970,in_progress,2025-06-24,7,,,155
971,canceled,2025-06-08,72,,9,619
972,placed,2025-06-07,3,,7,69
973,canceled,2025-06-27,3,,11,7
974,canceled,2025-06-15,22,,3,483
975,paid,2025-06-08,14,,5,455
976,paid,2025-06-13,1,20,5,48
977,paid,2025-06-17,141,7,10,409
978,placed,2025-06-21,73,13,10,223
979,paid,2025-06-22,106,,3,28
980,in_progress,2025-06-12,63,,,117
981,completed,2025-06-06,79,,13,228
982,completed,2025-06-03,68,,,266
983,paid,2025-06-02,136,10,4,592
984,in_progress,2025-06-14,54,,3,80
985,paid,2025-06-29,19,,9,528
986,paid,2025-06-18,140,,7,443
987,paid,2025-06-02,125,,,493
988,placed,2025-06-18,72,,,676
989,completed,2025-06-19,21,,,57
990,completed,2025-06-12,68,,,284
991,paid,2025-06-16,92,,5,207
992,canceled,2025-06-24,118,,,349
993,completed,2025-06-17,12,,13,240
994,placed,2025-06-13,140,,11,310
995,placed,2025-06-15,112,,12,210
996,paid,2025-06-19,77,,,35
997,completed,2025-06-22,133,,9,459
998,placed,2025-06-15,62,,10,497
999,placed,2025-06-02,19,,,318
1000,canceled,2025-06-21,14,,,107
1001,paid,2025-06-28,72,,11,215
1002,in_progress,2025-06-29,42,,12,63
1003,in_progress,2025-06-14,118,,8,456
1004,completed,2025-06-01,99,,,252
1005,canceled,2025-06-15,112,,8,522
1006,placed,2025-06-18,88,17,,529
1007,paid,2025-06-18,3,,9,679
1008,in_progress,2025-06-09,107,5,9,1
1009,paid,2025-06-04,121,,6,338
1010,paid,2025-06-09,146,,,278
1011,paid,2025-06-12,104,,5,96
1012,placed,2025-06-16,116,,5,572
1013,paid,2025-06-08,58,,,476
1014,placed,2025-06-08,81,,,250
1015,completed,2025-06-20,110,8,6,500
1016,canceled,2025-06-22,56,,7,367
1017,in_progress,2025-06-27,79,,11,598
1018,paid,2025-06-13,89,,,308
1019,in_progress,2025-06-03,11,,,526
1020,paid,2025-06-16,21,,12,216
1021,completed,2025-06-25,120,,12,396
1022,in_progress,2025-06-10,11,,,115
1023,completed,2025-06-28,32,,9,179
1024,in_progress,2025-06-05,52,,,96
1025,placed,2025-06-24,80,18,14,125
1026,paid,2025-06-11,6,,,71
1027,completed,2025-06-07,129,,,186
1028,paid,2025-06-11,89,,,228
1029,canceled,2025-06-16,119,10,14,229
1030,completed,2025-06-28,146,2,,159
1031,canceled,2025-06-23,116,,7,193
1032,placed,2025-06-24,61,,6,389
1033,canceled,2025-06-10,77,,6,329
1034,paid,2025-06-11,145,,2,396
1035,canceled,2025-06-29,137,11,3,622
1036,placed,2025-06-04,114,,,476
1037,completed,2025-06-24,144,,12,201
1038,in_progress,2025-06-09,61,,3,177
1039,in_progress,2025-06-08,122,,13,340
1040,paid,2025-06-25,33,,,392
1041,placed,2025-06-19,121,,5,39
1042,paid,2025-06-01,25,,,446
1043,placed,2025-06-12,134,,,266
1044,completed,2025-06-23,68,,8,234
1045,placed,2025-06-10,30,1,,100
1046,canceled,2025-06-24,31,,6,265
1047,placed,2025-06-27,47,11,3,109
1048,paid,2025-06-17,105,13,,396
1049,completed,2025-06-09,59,,12,114
1050,paid,2025-06-11,79,9,1,78
1051,placed,2025-06-03,136,,11,369
1052,placed,2025-06-04,151,,3,422
1053,paid,2025-06-19,104,8,10,629
1054,in_progress,2025-06-23,49,,3,154
1055,in_progress,2025-06-02,24,,3,110
1056,in_progress,2025-06-24,98,,13,64
1057,placed,2025-06-23,114,,,59
1058,paid,2025-06-17,143,,2,409
1059,paid,2025-06-22,114,,8,269
1060,placed,2025-06-08,36,,,671
1061,in_progress,2025-06-16,38,10,,413
1062,canceled,2025-06-12,37,,11,353
1063,canceled,2025-06-12,100,18,8,379
1064,canceled,2025-06-14,15,,,471
1065,completed,2025-06-09,92,,3,42
1066,completed,2025-06-18,126,,6,277
1067,placed,2025-06-08,7,7,11,501
1068,paid,2025-06-29,129,,3,619
1069,paid,2025-06-28,150,6,14,547
1070,canceled,2025-06-17,116,,10,194
1071,canceled,2025-06-10,37,,,52
1072,paid,2025-06-01,77,,14,268
1073,paid,2025-06-05,86,,6,580
1074,paid,2025-06-27,99,2,,527
1075,paid,2025-06-15,126,,8,282
1076,in_progress,2025-06-16,70,,14,396
1077,completed,2025-06-09,140,,9,621
1078,canceled,2025-06-29,131,19,,248
1079,in_progress,2025-06-12,29,,,47
1080,placed,2025-06-17,7,,7,614
1081,completed,2025-06-20,64,,2,537
1082,placed,2025-06-14,73,,,123
1083,paid,2025-06-13,61,,6,160
1084,placed,2025-06-06,138,5,2,558
1085,in_progress,2025-06-29,53,4,13,431
1086,placed,2025-06-01,25,,14,82
1087,paid,2025-06-16,9,,2,281
1088,completed,2025-06-16,118,,,559
1089,completed,2025-06-07,51,,,205
1090,completed,2025-06-07,1,,,426
1091,placed,2025-06-20,19,,13,262
1092,in_progress,2025-06-07,63,,13,118
1093,paid,2025-06-17,54,,7,29
1094,placed,2025-06-05,88,,,416
1095,placed,2025-06-11,111,,6,419
1096,completed,2025-06-01,134,12,13,112
1097,completed,2025-06-13,127,,10,345
1098,placed,2025-06-12,80,9,,510
1099,placed,2025-06-17,11,,,570
1100,in_progress,2025-06-25,87,10,10,634
1101,completed,2025-06-03,115,,4,677
1102,placed,2025-06-29,121,,6,460
1103,canceled,2025-06-27,28,,5,419
1104,paid,2025-06-06,65,,4,601
1105,completed,2025-06-22,95,,1,448
1106,canceled,2025-06-21,80,,8,666
1107,completed,2025-06-13,136,3,,193
1108,in_progress,2025-06-17,97,,1,624
1109,completed,2025-06-07,20,10,,226
1110,paid,2025-06-20,37,,,449
1111,in_progress,2025-06-23,127,,3,335
1112,in_progress,2025-06-05,67,,7,487
1113,in_progress,2025-06-29,93,5,,417
1114,in_progress,2025-06-14,79,,,337
1115,placed,2025-06-14,125,,13,249
1116,canceled,2025-06-18,88,15,6,454
1117,in_progress,2025-06-05,12,,14,250
1118,paid,2025-06-15,28,,2,248
1119,in_progress,2025-06-17,140,,,105
1120,paid,2025-06-23,130,1,9,237
1121,completed,2025-06-29,121,,7,470
1122,paid,2025-06-26,113,,11,306
1123,paid,2025-06-13,125,,12,591
1124,completed,2025-06-07,38,,4,448
1125,paid,2025-06-01,149,,8,113
1126,placed,2025-06-27,42,,4,630
1127,in_progress,2025-06-24,30,18,6,385
1128,paid,2025-06-21,88,,7,607
1129,placed,2025-06-13,44,7,,649
1130,completed,2025-06-18,1,,12,402
1131,in_progress,2025-06-20,18,,5,496
1132,completed,2025-06-06,114,13,12,642
1133,in_progress,2025-06-17,12,18,,442
1134,placed,2025-06-28,99,5,9,376
1135,paid,2025-06-03,141,,1,337
1136,paid,2025-06-22,51,,2,291
1137,placed,2025-06-12,88,1,,407
1138,placed,2025-06-18,72,,,382
1139,canceled,2025-06-08,59,,,326
1140,paid,2025-06-13,142,,14,241
1141,paid,2025-06-04,44,,,169
1142,completed,2025-06-21,53,,14,241
1143,canceled,2025-06-23,148,,5,111
1144,placed,2025-06-06,151,,9,658
1145,in_progress,2025-06-14,18,19,11,135
1146,paid,2025-06-14,101,,12,160
1147,paid,2025-06-01,41,,,439
1148,paid,2025-06-07,48,,8,417
1149,canceled,2025-06-16,138,,4,273
1150,paid,2025-06-22,5,14,,474
1151,canceled,2025-06-18,59,,7,432
1152,paid,2025-06-05,13,,,334
1153,placed,2025-06-18,94,,,608
1154,in_progress,2025-06-06,104,16,14,278
1155,paid,2025-06-07,7,2,,364
1156,placed,2025-06-27,66,,,198
1157,in_progress,2025-06-12,31,,,290
1158,paid,2025-06-20,40,,7,87
1159,paid,2025-06-19,33,,8,564
1160,in_progress,2025-06-04,57,,,589
1161,placed,2025-06-06,58,15,9,285
1162,placed,2025-06-27,70,,,513
1163,paid,2025-06-22,68,,2,451
1164,paid,2025-06-29,53,10,8,31
1165,paid,2025-06-07,25,,,284
1166,paid,2025-06-26,35,,2,354
1167,placed,2025-06-02,134,,3,548
1168,in_progress,2025-06-09,56,,4,535
1169,paid,2025-06-11,139,19,9,64
1170,paid,2025-06-19,86,,2,339
1171,placed,2025-06-14,93,4,3,139
1172,paid,2025-06-03,89,8,9,434
1173,paid,2025-06-22,108,,2,94
1174,placed,2025-06-28,129,,14,138
1175,placed,2025-06-24,118,,8,632
1176,completed,2025-06-21,77,,2,93
1177,paid,2025-06-19,63,19,,374
1178,paid,2025-06-26,67,,14,439
1179,paid,2025-06-04,31,,4,148
1180,paid,2025-06-06,11,,,580
1181,completed,2025-06-18,12,,9,417
1182,paid,2025-06-22,76,,6,26
1183,in_progress,2025-06-24,112,,7,596
1184,in_progress,2025-06-25,32,,,670
1185,paid,2025-06-18,2,4,5,190
1186,paid,2025-06-11,68,,12,630
1187,placed,2025-06-14,61,,,139
1188,placed,2025-06-15,42,3,,351
1189,completed,2025-06-28,101,,1,668
1190,placed,2025-06-21,6,,2,26
1191,placed,2025-06-09,30,,5,245
1192,canceled,2025-06-13,19,,12,618
1193,completed,2025-06-14,14,,12,429
1194,in_progress,2025-06-26,16,,,229
1195,in_progress,2025-06-18,75,,4,143
1196,placed,2025-06-29,94,,5,496
1197,in_progress,2025-06-21,88,,,488
1198,paid,2025-06-03,90,,13,247
1199,paid,2025-06-12,112,5,,555
1200,placed,2025-06-07,89,12,,410
1201,completed,2025-06-06,146,,,247
1202,placed,2025-06-08,1,,,446
1203,paid,2025-06-02,59,,8,80
1204,in_progress,2025-06-05,97,,9,678
1205,paid,2025-06-28,23,,8,507
1206,placed,2025-06-07,103,,14,571
1207,completed,2025-06-27,97,,,656
1208,in_progress,2025-06-25,22,,,539
1209,in_progress,2025-06-05,104,6,,342
1210,paid,2025-06-13,47,13,7,313
1211,completed,2025-06-02,141,7,,607
1212,placed,2025-06-22,107,,,581
1213,in_progress,2025-06-07,32,,13,29
1214,canceled,2025-06-24,32,,,616
1215,in_progress,2025-06-22,5,,3,350
1216,completed,2025-06-11,16,,13,200
1217,placed,2025-06-19,7,,8,560
1218,paid,2025-06-27,43,,8,579
1219,paid,2025-06-10,39,,13,359
1220,canceled,2025-06-07,23,,12,464
1221,in_progress,2025-06-04,77,,12,130
1222,in_progress,2025-06-04,35,2,2,491
1223,in_progress,2025-06-29,139,,12,661
1224,paid,2025-06-19,143,,,635
1225,completed,2025-06-14,126,,10,478
1226,paid,2025-06-18,27,,,175
1227,in_progress,2025-06-20,34,,7,284
1228,completed,2025-06-23,63,,12,329
1229,in_progress,2025-06-15,106,,14,449
1230,placed,2025-06-21,83,20,5,488
1231,paid,2025-06-08,67,10,13,410
1232,in_progress,2025-06-09,136,,13,321
1233,paid,2025-06-26,49,14,,458
1234,completed,2025-06-29,149,,,537
1235,paid,2025-06-14,64,,3,463
1236,in_progress,2025-06-07,62,,,453
1237,canceled,2025-06-18,83,,,120
1238,placed,2025-06-23,52,,3,571
1239,paid,2025-06-17,54,13,4,281
1240,canceled,2025-06-12,59,18,,216
1241,placed,2025-06-25,101,,,608
1242,in_progress,2025-06-23,52,,,348
1243,in_progress,2025-06-18,23,4,11,92
1244,paid,2025-06-14,17,4,6,643
1245,paid,2025-06-25,48,,13,415
1246,canceled,2025-06-10,12,,,236
1247,paid,2025-06-25,23,,11,677
1248,canceled,2025-06-19,50,5,14,244
1249,paid,2025-06-19,79,,1,429
1250,canceled,2025-06-17,46,,1,216
1251,paid,2025-06-07,124,3,8,492
1252,paid,2025-06-08,55,,6,307
1253,canceled,2025-06-14,8,,12,119
1254,placed,2025-06-24,122,,9,185
1255,paid,2025-06-02,98,,,261
1256,paid,2025-06-22,72,9,7,142
1257,in_progress,2025-06-21,30,,8,346
1258,placed,2025-06-04,39,,5,457
1259,completed,2025-06-18,146,,,211
1260,paid,2025-06-16,143,,14,277
1261,completed,2025-06-23,48,,14,333
1262,placed,2025-06-28,57,,14,122
1263,paid,2025-06-18,87,13,13,312
1264,paid,2025-06-04,10,,10,161
1265,paid,2025-06-04,39,,6,163
1266,completed,2025-06-13,146,,6,164
1267,canceled,2025-06-11,58,,4,25
1268,completed,2025-06-20,80,13,13,231
1269,placed,2025-06-24,32,,,12
1270,completed,2025-06-02,57,,14,616
1271,placed,2025-06-15,66,15,5,401
1272,canceled,2025-06-25,132,,2,98
1273,canceled,2025-06-07,12,,3,103
1274,placed,2025-06-09,110,18,1,362
1275,completed,2025-06-28,124,,14,348
1276,in_progress,2025-06-21,109,,,122
1277,paid,2025-06-29,122,16,10,526
1278,paid,2025-06-19,41,14,14,643
1279,paid,2025-06-14,3,13,14,624
1280,paid,2025-06-15,19,,,604
1281,completed,2025-06-07,75,1,9,680
1282,paid,2025-06-21,28,,13,223
1283,completed,2025-06-14,12,,8,17
1284,in_progress,2025-06-29,119,,4,322
1285,canceled,2025-06-09,86,,12,538
1286,paid,2025-06-26,70,,11,50
1287,completed,2025-06-04,25,,,343
1288,placed,2025-06-18,3,5,1,241
1289,placed,2025-06-28,132,,,475
1290,placed,2025-06-27,141,,,621
1291,in_progress,2025-06-05,149,14,13,643
1292,paid,2025-06-29,24,,,184
1293,paid,2025-06-26,134,,3,61
1294,paid,2025-06-24,45,,3,468
1295,completed,2025-06-29,78,,13,16
1296,placed,2025-06-14,111,,10,442
1297,in_progress,2025-06-28,74,13,12,548
1298,canceled,2025-06-16,73,,1,101
1299,completed,2025-06-06,30,,,109
1300,paid,2025-06-04,71,,,650
1301,completed,2025-06-04,105,3,,254
1302,placed,2025-06-29,75,,1,176
1303,canceled,2025-06-21,106,,4,522
1304,completed,2025-06-28,77,,13,223
1305,in_progress,2025-06-22,91,,12,61
1306,in_progress,2025-06-05,136,,,399
1307,paid,2025-06-18,24,2,,560
1308,canceled,2025-06-22,7,,9,538
1309,in_progress,2025-06-27,135,,,93
1310,in_progress,2025-06-10,78,,,59
1311,completed,2025-06-21,9,,5,347
1312,completed,2025-06-23,128,,13,16
1313,canceled,2025-06-05,77,13,4,270
1314,paid,2025-06-09,103,,14,224
1315,placed,2025-06-15,86,,,603
1316,in_progress,2025-06-25,48,,,458
1317,placed,2025-06-01,48,3,9,101
1318,completed,2025-06-29,63,14,,387
1319,in_progress,2025-06-20,19,6,8,346
1320,completed,2025-06-19,55,13,14,269
1321,canceled,2025-06-03,146,3,,424
1322,placed,2025-06-28,52,,,238
1323,paid,2025-06-22,34,,,95
1324,in_progress,2025-06-25,30,20,,313
1325,completed,2025-06-10,53,14,2,69
1326,paid,2025-06-17,36,,5,528
1327,in_progress,2025-06-07,64,,9,671
1328,placed,2025-06-06,126,,,494
1329,paid,2025-06-20,56,,7,527
1330,in_progress,2025-06-10,130,,2,255
1331,placed,2025-06-02,68,,7,199
1332,in_progress,2025-06-02,10,,10,485
1333,placed,2025-06-22,10,,,534
1334,paid,2025-06-07,64,17,,537
1335,paid,2025-06-11,6,,9,217
1336,placed,2025-06-19,78,,5,251
1337,completed,2025-06-13,143,,13,81
1338,in_progress,2025-06-23,140,,9,80
1339,completed,2025-06-20,144,,,315
1340,in_progress,2025-06-06,83,,7,600
1341,paid,2025-06-07,15,7,8,171
1342,placed,2025-06-02,56,,,59
1343,canceled,2025-06-24,91,3,11,633
1344,placed,2025-06-19,105,,6,236
1345,paid,2025-06-01,56,,8,354
1346,placed,2025-06-17,109,,13,343
1347,in_progress,2025-06-18,150,,,635
1348,paid,2025-06-22,67,,9,425
1349,placed,2025-06-12,87,,10,170
1350,placed,2025-06-22,89,,4,62
1351,placed,2025-06-22,51,,10,124
1352,paid,2025-06-28,92,16,,341
1353,paid,2025-06-15,58,20,14,96
1354,placed,2025-06-22,118,,,104
1355,placed,2025-06-11,19,,,510
1356,paid,2025-06-02,87,,1,495
1357,paid,2025-06-24,139,,9,286
1358,completed,2025-06-28,1,16,11,384
1359,completed,2025-06-29,62,,,508
1360,in_progress,2025-06-23,9,,,180
1361,paid,2025-06-11,6,,4,495
1362,paid,2025-06-09,28,,11,565
1363,completed,2025-06-27,36,,,149
1364,paid,2025-06-08,151,,,55
1365,completed,2025-06-01,23,,13,252
1366,placed,2025-06-03,136,,,281
1367,placed,2025-06-12,127,,,536
1368,canceled,2025-06-18,33,5,,557
1369,placed,2025-06-06,15,4,13,496
1370,paid,2025-06-10,49,,,168
1371,placed,2025-06-07,144,9,,350
1372,canceled,2025-06-11,89,,5,516
1373,in_progress,2025-06-29,18,,1,14
1374,in_progress,2025-06-18,19,,,92
1375,in_progress,2025-06-06,101,19,,216
1376,paid,2025-06-29,30,,,389
1377,completed,2025-06-03,50,,,462
1378,in_progress,2025-06-10,63,,12,313
1379,in_progress,2025-06-06,141,,,673
1380,placed,2025-06-11,69,,,677
1381,in_progress,2025-06-04,4,,,80
1382,placed,2025-06-05,9,,4,671
1383,canceled,2025-06-01,136,,9,496
1384,placed,2025-06-12,130,,1,107
1385,completed,2025-06-29,24,,,441
1386,paid,2025-06-01,112,,6,554
1387,placed,2025-06-02,79,,11,198
1388,canceled,2025-06-09,79,,7,641
1389,completed,2025-06-03,63,,10,561
1390,completed,2025-06-04,114,,10,266
1391,completed,2025-06-28,87,,,268
1392,placed,2025-06-27,4,,9,301
1393,completed,2025-06-08,65,,6,559
1394,in_progress,2025-06-24,25,5,7,144
1395,in_progress,2025-06-18,20,,2,558
1396,completed,2025-06-21,102,,,522
1397,paid,2025-06-11,110,,1,415
1398,completed,2025-06-22,21,,,65
1399,placed,2025-06-08,52,4,4,77
1400,completed,2025-06-25,98,,9,502
1401,canceled,2025-06-29,13,12,1,178
1402,placed,2025-06-23,104,,12,347
1403,completed,2025-06-24,128,,1,621
1404,paid,2025-06-17,123,,14,185
1405,in_progress,2025-06-07,90,,7,406
1406,placed,2025-06-05,11,,,89
1407,placed,2025-06-29,128,17,4,433
1408,paid,2025-06-18,132,,,423
1409,paid,2025-06-22,128,,13,606
1410,completed,2025-06-11,66,,1,546
1411,paid,2025-06-06,28,,4,258
1412,placed,2025-06-26,77,18,10,330
1413,paid,2025-06-12,101,12,,639
1414,in_progress,2025-06-21,36,,3,280
1415,placed,2025-06-13,151,,,477
1416,paid,2025-06-11,62,,12,124
1417,paid,2025-06-29,13,5,6,589
1418,in_progress,2025-06-07,84,,4,417
1419,paid,2025-06-04,149,13,,371
1420,paid,2025-06-25,63,5,,427
1421,placed,2025-06-29,13,7,11,478
1422,in_progress,2025-06-11,104,,8,294
1423,completed,2025-06-24,80,,7,467
1424,completed,2025-06-01,74,,,624
1425,completed,2025-06-19,146,,,594
1426,placed,2025-06-18,151,,11,8
1427,in_progress,2025-06-20,136,,1,463
1428,paid,2025-06-03,137,,,584
1429,paid,2025-06-24,134,,9,510
1430,canceled,2025-06-09,74,12,8,500
1431,canceled,2025-06-21,117,,11,439
1432,placed,2025-06-21,148,19,8,335
1433,paid,2025-06-24,138,,,253
1434,canceled,2025-06-15,84,19,,116
1435,placed,2025-06-11,116,,1,454
1436,paid,2025-06-11,5,,4,343
1437,completed,2025-06-21,92,8,2,177
1438,paid,2025-06-28,91,,,273
1439,in_progress,2025-06-24,41,,,587
1440,completed,2025-06-16,103,,,504
1441,paid,2025-06-11,15,,,450
1442,placed,2025-06-06,62,16,1,600
1443,in_progress,2025-06-06,25,,,73
1444,paid,2025-06-10,59,,8,21
1445,completed,2025-06-15,28,,,502
1446,placed,2025-06-22,117,15,1,496
1447,placed,2025-06-06,76,,6,501
